{
    "api": "2.0",
    "content": {
        "html": "<p id='0' data-category='paragraph' style='font-size:20px'>관세 환급 · 수출을 하게 되면(세관 신고건에 한함) 관세 환급을 받을 수<br>있습니다. · 관세환급은 원재료를 수입할 때 납부한 관세 뿐만 아니라 100%<br>국내산 자재를 사용하여 수출을 하였을 경우에도 일정금액 관세 환급을 받을 수<br>있습니다. · 수출 초보기업들은 납부한 세액이 없기 때문에 돌려받을 금액도<br>없다고 생각하여 환급에 많은 관심을 안 가지고 있으나, 외국으로 물건을<br>수출하였다면 환급을 받을 수 있다라고 생각하고 거래 관세사 및 세관에<br>적극적으로 문의하여서 관세 환급을 받아야 합니다. 관세 환급 방식 · 환급은<br>크게 개별환급과 간이정액 환급으로 나누어집니다. · 개별환급은 소요량 계산서를<br>작성하여 수출품 생산에 소요된 원재료에 포함된 세액을 돌려받는 방식입니다. ·<br>수입원자재의 경우 수입관세, 국내 매입 자재의 경우 공급가액의 일정금액을<br>돌려받게 됩니다. · 반면, 간이정액 환급의 경우 수출신고필증상 'FOB 금액<br>10,000 원당 얼마'로 계산하여 일률적으로 환급해주는 방식입니다 관세 환급<br>종류 : 개별 환급 수출물품의 제조에 소요된 원재료의 수입 시 납부세액을<br>산출하여 환급금 지급구분,개발환급 항목 순으로 관세환급종류 안내표구분개발<br>환급적용 대상모든 수출기업대상 품목모든 수출품목제출 서류 ·<br>수출사실확인서류 · 납부세액증명서류 · 소요량계산서 관세 환급 종류 :<br>간이정액 환급 간이정액 해당 품목을 수출한 경우 수출금액 1 만원 당<br>일정금액을 환급금으로 지급구분,간이정액 환급 항목 순으로 관세 환급 종류<br>안내표구분간이정액 환급적용 대상직전 2 년간 환급액 6 억원 이하중소<br>제조기업대상 품목간이 정액환급률표 게기 수출품목제출 서류<br>수출사실확인서류 · 중소기업확인서 · 공장등록증 관세환급에 대한 더 자세한<br>정보는 「 관세청 」 홈페이지에서 확인이 가능합니다.</p>\n<p id='1' data-category='list' style='font-size:20px'>· · 수출을 하게 되면(세관 신고건에 한함) 관세 환급을 받을 수 있습니다.<br>● · 관세환급은 원재료를 수입할 때 납부한 관세 뿐만 아니라 100% 국내산<br>자재를 사용하여 수출을 하였을 경우에도 일정금액 관세 환급을 받을 수<br>있습니다.<br>· 수출 초보기업들은 납부한 세액이 없기 때문에 돌려받을 금액도 없다고<br>생각하여 환급에 많은 관심을 안 가지고 있으나, 외국으로 물건을<br>수출하였다면 환급을 받을 수 있다라고 생각하고 거래 관세사 및 세관에<br>적극적으로 문의하여서 관세 환급을 받아야 합니다.</p>\n<br><p id='2' data-category='list' style='font-size:16px'>· · 환급은 크게 개별환급과 간이정액 환급으로 나누어집니다.<br>· · 개별환급은 소요량 계산서를 작성하여 수출품 생산에 소요된 원재료에<br>포함된 세액을 돌려받는 방식입니다.<br>· · 수입원자재의 경우 수입관세, 국내 매입 자재의 경우 공급가액의<br>일정금액을 돌려받게 됩니다.<br>· · 반면, 간이정액 환급의 경우 수출신고필증상 'FOB 금액 10,000 원당<br>얼마'로 계산하여 일률적으로 환급해주는 방식입니다</p>\n<br><p id='3' data-category='list' style='font-size:14px'>· · 수출사실확인서류<br>● · 납부세액증명서류<br>● · 소요량계산서<br>● · 수출사실확인서류<br>· · 중소기업확인서</p>\n<p id='4' data-category='paragraph' style='font-size:14px'>· · 공장등록증</p>\n<p id='5' data-category='paragraph' style='font-size:18px'>환급절차 · 2022-06-20 · *출처 :*KOTRA 수출, 더이상 어렵지 않아요<br>가이드북 Keyword#환급#환급절차 관세 환급 절차 · 수출을 하게 되면<br> 수출신고수리일로부터 2 년'이내 수출자 또는 제조자가 세관에 관세 환급 신청을<br>하여야 환급을 받을 수 있습니다. · 간이정액 환급업체라면 미리 세관에<br> 자동환급업체'. 로 등록하였을 경우 별도 신청을 하지 않더라도 세관에서<br>주기적으로 환급액을 계산하여 업체의 통장에 환급해 줍니다</p>\n<p id='6' data-category='list' style='font-size:18px'>· · 2022-06-20<br>· *출처 :*KOTRA 수출, 더이상 어렵지 않아요 가이드북<br>· · 수출을 하게 되면 '수출신고수리일로부터 2 년'이내 수출자 또는<br>제조자가 세관에 관세 환급 신청을 하여야 환급을 받을 수 있습니다.<br>· 간이정액 환급업체라면 미리 세관에 '자동환급업체'로 등록하였을 경우<br>별도 신청을 하지 않더라도 세관에서 주기적으로 환급액을 계산하여<br>업체의 통장에 환급해 줍니다</p>",
        "markdown": "",
        "text": ""
    },
    "elements": [
        {
            "category": "paragraph",
            "content": {
                "html": "<p id='0' data-category='paragraph' style='font-size:20px'>관세 환급 · 수출을 하게 되면(세관 신고건에 한함) 관세 환급을 받을 수<br>있습니다. · 관세환급은 원재료를 수입할 때 납부한 관세 뿐만 아니라 100%<br>국내산 자재를 사용하여 수출을 하였을 경우에도 일정금액 관세 환급을 받을 수<br>있습니다. · 수출 초보기업들은 납부한 세액이 없기 때문에 돌려받을 금액도<br>없다고 생각하여 환급에 많은 관심을 안 가지고 있으나, 외국으로 물건을<br>수출하였다면 환급을 받을 수 있다라고 생각하고 거래 관세사 및 세관에<br>적극적으로 문의하여서 관세 환급을 받아야 합니다. 관세 환급 방식 · 환급은<br>크게 개별환급과 간이정액 환급으로 나누어집니다. · 개별환급은 소요량 계산서를<br>작성하여 수출품 생산에 소요된 원재료에 포함된 세액을 돌려받는 방식입니다. ·<br>수입원자재의 경우 수입관세, 국내 매입 자재의 경우 공급가액의 일정금액을<br>돌려받게 됩니다. · 반면, 간이정액 환급의 경우 수출신고필증상 'FOB 금액<br>10,000 원당 얼마'로 계산하여 일률적으로 환급해주는 방식입니다 관세 환급<br>종류 : 개별 환급 수출물품의 제조에 소요된 원재료의 수입 시 납부세액을<br>산출하여 환급금 지급구분,개발환급 항목 순으로 관세환급종류 안내표구분개발<br>환급적용 대상모든 수출기업대상 품목모든 수출품목제출 서류 ·<br>수출사실확인서류 · 납부세액증명서류 · 소요량계산서 관세 환급 종류 :<br>간이정액 환급 간이정액 해당 품목을 수출한 경우 수출금액 1 만원 당<br>일정금액을 환급금으로 지급구분,간이정액 환급 항목 순으로 관세 환급 종류<br>안내표구분간이정액 환급적용 대상직전 2 년간 환급액 6 억원 이하중소<br>제조기업대상 품목간이 정액환급률표 게기 수출품목제출 서류<br>수출사실확인서류 · 중소기업확인서 · 공장등록증 관세환급에 대한 더 자세한<br>정보는 「 관세청 」 홈페이지에서 확인이 가능합니다.</p>",
                "markdown": "",
                "text": ""
            },
            "coordinates": [
                {
                    "x": 0.1178,
                    "y": 0.1015
                },
                {
                    "x": 0.8774,
                    "y": 0.1015
                },
                {
                    "x": 0.8774,
                    "y": 0.5103
                },
                {
                    "x": 0.1178,
                    "y": 0.5103
                }
            ],
            "id": 0,
            "page": 1
        },
        {
            "category": "list",
            "content": {
                "html": "<p id='1' data-category='list' style='font-size:20px'>· · 수출을 하게 되면(세관 신고건에 한함) 관세 환급을 받을 수 있습니다.<br>● · 관세환급은 원재료를 수입할 때 납부한 관세 뿐만 아니라 100% 국내산<br>자재를 사용하여 수출을 하였을 경우에도 일정금액 관세 환급을 받을 수<br>있습니다.<br>· 수출 초보기업들은 납부한 세액이 없기 때문에 돌려받을 금액도 없다고<br>생각하여 환급에 많은 관심을 안 가지고 있으나, 외국으로 물건을<br>수출하였다면 환급을 받을 수 있다라고 생각하고 거래 관세사 및 세관에<br>적극적으로 문의하여서 관세 환급을 받아야 합니다.</p>",
                "markdown": "",
                "text": ""
            },
            "coordinates": [
                {
                    "x": 0.1476,
                    "y": 0.526
                },
                {
                    "x": 0.869,
                    "y": 0.526
                },
                {
                    "x": 0.869,
                    "y": 0.6742
                },
                {
                    "x": 0.1476,
                    "y": 0.6742
                }
            ],
            "id": 1,
            "page": 1
        },
        {
            "category": "list",
            "content": {
                "html": "<br><p id='2' data-category='list' style='font-size:16px'>· · 환급은 크게 개별환급과 간이정액 환급으로 나누어집니다.<br>· · 개별환급은 소요량 계산서를 작성하여 수출품 생산에 소요된 원재료에<br>포함된 세액을 돌려받는 방식입니다.<br>· · 수입원자재의 경우 수입관세, 국내 매입 자재의 경우 공급가액의<br>일정금액을 돌려받게 됩니다.<br>· · 반면, 간이정액 환급의 경우 수출신고필증상 'FOB 금액 10,000 원당<br>얼마'로 계산하여 일률적으로 환급해주는 방식입니다</p>",
                "markdown": "",
                "text": ""
            },
            "coordinates": [
                {
                    "x": 0.1502,
                    "y": 0.6752
                },
                {
                    "x": 0.8561,
                    "y": 0.6752
                },
                {
                    "x": 0.8561,
                    "y": 0.8057
                },
                {
                    "x": 0.1502,
                    "y": 0.8057
                }
            ],
            "id": 2,
            "page": 1
        },
        {
            "category": "list",
            "content": {
                "html": "<br><p id='3' data-category='list' style='font-size:14px'>· · 수출사실확인서류<br>● · 납부세액증명서류<br>● · 소요량계산서<br>● · 수출사실확인서류<br>· · 중소기업확인서</p>",
                "markdown": "",
                "text": ""
            },
            "coordinates": [
                {
                    "x": 0.1515,
                    "y": 0.8055
                },
                {
                    "x": 0.3653,
                    "y": 0.8055
                },
                {
                    "x": 0.3653,
                    "y": 0.8964
                },
                {
                    "x": 0.1515,
                    "y": 0.8964
                }
            ],
            "id": 3,
            "page": 1
        },
        {
            "category": "paragraph",
            "content": {
                "html": "<p id='4' data-category='paragraph' style='font-size:14px'>· · 공장등록증</p>",
                "markdown": "",
                "text": ""
            },
            "coordinates": [
                {
                    "x": 0.1465,
                    "y": 0.102
                },
                {
                    "x": 0.3031,
                    "y": 0.102
                },
                {
                    "x": 0.3031,
                    "y": 0.12
                },
                {
                    "x": 0.1465,
                    "y": 0.12
                }
            ],
            "id": 4,
            "page": 2
        },
        {
            "category": "paragraph",
            "content": {
                "html": "<p id='5' data-category='paragraph' style='font-size:18px'>환급절차 · 2022-06-20 · *출처 :*KOTRA 수출, 더이상 어렵지 않아요<br>가이드북 Keyword#환급#환급절차 관세 환급 절차 · 수출을 하게 되면<br> 수출신고수리일로부터 2 년'이내 수출자 또는 제조자가 세관에 관세 환급 신청을<br>하여야 환급을 받을 수 있습니다. · 간이정액 환급업체라면 미리 세관에<br> 자동환급업체'. 로 등록하였을 경우 별도 신청을 하지 않더라도 세관에서<br>주기적으로 환급액을 계산하여 업체의 통장에 환급해 줍니다</p>",
                "markdown": "",
                "text": ""
            },
            "coordinates": [
                {
                    "x": 0.1167,
                    "y": 0.1367
                },
                {
                    "x": 0.879,
                    "y": 0.1367
                },
                {
                    "x": 0.879,
                    "y": 0.2471
                },
                {
                    "x": 0.1167,
                    "y": 0.2471
                }
            ],
            "id": 5,
            "page": 2
        },
        {
            "category": "list",
            "content": {
                "html": "<p id='6' data-category='list' style='font-size:18px'>· · 2022-06-20<br>· *출처 :*KOTRA 수출, 더이상 어렵지 않아요 가이드북<br>· · 수출을 하게 되면 '수출신고수리일로부터 2 년'이내 수출자 또는<br>제조자가 세관에 관세 환급 신청을 하여야 환급을 받을 수 있습니다.<br>· 간이정액 환급업체라면 미리 세관에 '자동환급업체'로 등록하였을 경우<br>별도 신청을 하지 않더라도 세관에서 주기적으로 환급액을 계산하여<br>업체의 통장에 환급해 줍니다</p>",
                "markdown": "",
                "text": ""
            },
            "coordinates": [
                {
                    "x": 0.1457,
                    "y": 0.2663
                },
                {
                    "x": 0.8593,
                    "y": 0.2663
                },
                {
                    "x": 0.8593,
                    "y": 0.3937
                },
                {
                    "x": 0.1457,
                    "y": 0.3937
                }
            ],
            "id": 6,
            "page": 2
        }
    ],
    "merged_elements": [],
    "model": "document-parse-250116",
    "ocr": true,
    "usage": {
        "pages": 2
    }
}